{"eps": {"param_log_values": [-7, -6, -5, -4, -3, -2], "mean_rewards": [1.1961112547891308, 1.1656962746609003, 1.2723440368919565, 1.3040228758102979, 1.2445277345582038, 1.0980365675640145]}, "pref": {"param_log_values": [-5, -4, -3, -2, -1, 0, 1, 2], "mean_rewards": [1.067860829164272, 1.2647433327101152, 1.3533807687589259, 1.4030675305081952, 1.396064699925981, 1.28296791763834, 1.1772061122338124, 1.13897154879851]}, "ucb": {"param_log_values": [-4, -3, -2, -1, 0, 1, 2], "mean_rewards": [1.3943463235525073, 1.3994066470085131, 1.411366259842951, 1.4540935906098122, 1.4463549316638105, 1.3525084460347345, 1.1395666074980293]}, "default": {"param_log_values": [-2, -1, 0, 1, 2], "mean_rewards": [1.282310727396579, 1.3808871381869996, 1.406614936349406, 1.3812949240647872, 1.2910240705622467]}}